{"window_size": 5, "last_trained": "2025-04-09 08:41:19", "dataset_size": 720, "metrics": {"mse": 297.25436640813444, "rmse": 17.241066278166628, "mae": 9.792227584165293, "r2": 0.8260161188979478}, "epochs_completed": 29}