{"window_size": 5, "last_trained": "2025-04-07 11:17:45", "dataset_size": 720, "metrics": {"mse": 301.91875640685805, "rmse": 17.37580951802989, "mae": 10.117554943044702, "r2": 0.8232969214663862}, "feature_ranges": {"Rainfall": [0, 100], "MaxTemperature": [20, 40], "Humidity": [0, 100], "Cases": [0, 1000]}, "epochs_completed": 15}