{"window_size": 10, "last_trained": "2025-04-10 02:40:41", "dataset_size": 720, "metrics": {"mse": 311.41962896522443, "rmse": 17.647085565759134, "mae": 9.711412203983523, "r2": 0.8182786811993557}, "epochs_completed": 13}