{"window_size": 5, "last_trained": "2025-04-09 16:50:41", "dataset_size": 720, "metrics": {"mse": 296.9985648599632, "rmse": 17.23364630192819, "mae": 10.13770442878033, "r2": 0.8261658403189669}, "epochs_completed": 32}