{"window_size": 5, "last_trained": "2025-04-07 11:21:04", "dataset_size": 720, "metrics": {"mse": 277.8243713624662, "rmse": 16.668064415596255, "mae": 9.379968538150921, "r2": 0.8373985694176017}, "feature_ranges": {"Rainfall": [0, 100], "MaxTemperature": [20, 40], "Humidity": [0, 100], "Cases": [0, 1000]}, "epochs_completed": 25}