{"window_size": 5, "last_trained": "2025-04-09 07:18:27", "dataset_size": 720, "metrics": {"mse": 296.86693067650543, "rmse": 17.229826774419568, "mae": 10.137427531443276, "r2": 0.8262428862052912}, "epochs_completed": 32}